name,url,price_text,review_score_text,recommended_unit_text
Kostaspant apartment,https://www.booking.com/hotel/gr/kostaspant-apartments.en-gb.html,,Scored 9.2 9.2 Superb 9 reviews,
Platanias House on the Beach,https://www.booking.com/hotel/gr/platanias-house-on-the-beach.en-gb.html,,Scored 7.7 7.7 Good 22 reviews,
Venizelos Studios,https://www.booking.com/hotel/gr/venizelos-studios.en-gb.html,,Scored 9.4 9.4 Superb 38 reviews,
The Hillside Home,https://www.booking.com/hotel/gr/the-hillside-home.en-gb.html,,Scored 8.9 8.9 Fabulous 32 reviews,
Jasmine,https://www.booking.com/hotel/gr/jasmine-maleme.en-gb.html,,Scored 10 10 Exceptional 23 reviews,
Olga Suites,https://www.booking.com/hotel/gr/olga-suites-maleme.en-gb.html,,Scored 9.1 9.1 Superb 17 reviews,
Sunny Suites,https://www.booking.com/hotel/gr/sunny-suites.en-gb.html,,Scored 9.1 9.1 Superb 57 reviews,
Villa Lady Dafni with private heated pool,https://www.booking.com/hotel/gr/dafni-epavli.en-gb.html,,Scored 9.9 9.9 Exceptional 17 reviews,
Island Concept Chania,https://www.booking.com/hotel/gr/island-agia-marina.en-gb.html,,Scored 8.7 8.7 Fabulous 137 reviews,
Papidakis Studios,https://www.booking.com/hotel/gr/spyros-studios.en-gb.html,,Scored 9.4 9.4 Superb 96 reviews,
Santa Irene,https://www.booking.com/hotel/gr/santa-irene.en-gb.html,,Scored 8.8 8.8 Fabulous 388 reviews,
Villa Sunrise,https://www.booking.com/hotel/gr/villa-sunrise-epano-kefalas.en-gb.html,,Scored 9.5 9.5 Exceptional 36 reviews,
Villa Nimertis,https://www.booking.com/hotel/gr/villa-nimertis.en-gb.html,,Scored 9.8 9.8 Exceptional 17 reviews,
Arhondiko,https://www.booking.com/hotel/gr/arhondiko-sougia.en-gb.html,,Scored 9.3 9.3 Superb 126 reviews,
Villa Vardis Heated Pool,https://www.booking.com/hotel/gr/vardis-villa.en-gb.html,,Scored 9.9 9.9 Exceptional 29 reviews,
Galini Studios & Apartments-Adults only,https://www.booking.com/hotel/gr/galini-sougia.en-gb.html,,Scored 9.0 9.0 Superb 440 reviews,
Elafonisi House,https://www.booking.com/hotel/gr/elafonisi-house.en-gb.html,,Scored 9.2 9.2 Superb 26 reviews,
Psamathi Living & Taste,https://www.booking.com/hotel/gr/marathi-villas.en-gb.html,,Scored 9.5 9.5 Exceptional 221 reviews,
Marinakis Sea View Studios,https://www.booking.com/hotel/gr/marinakis-sea-view-studios.en-gb.html,,Scored 9.2 9.2 Superb 74 reviews,
Villa Methexis,https://www.booking.com/hotel/gr/villa-methexis.en-gb.html,,Scored 9.9 9.9 Exceptional 19 reviews,
Almyrida Hills Villas,https://www.booking.com/hotel/gr/almyrida-hills-villas.en-gb.html,,Scored 9.7 9.7 Exceptional 12 reviews,
Giovanni's studio,https://www.booking.com/hotel/gr/giovannis-studio.en-gb.html,,Scored 9.7 9.7 Exceptional 70 reviews,
Tranquility House,https://www.booking.com/hotel/gr/tranquility-house.en-gb.html,,Scored 9.2 9.2 Superb 30 reviews,
Villa Nopigia Homeleader,https://www.booking.com/hotel/gr/villa-nopigia.en-gb.html,,Scored 9.0 9.0 Superb 19 reviews,
Casa Piedra,https://www.booking.com/hotel/gr/casa-piedra-khania.en-gb.html,,Scored 10 10 Exceptional 34 reviews,
Ktima Edem,https://www.booking.com/hotel/gr/ktima-edem-vrysai.en-gb.html,,Scored 9.8 9.8 Exceptional 18 reviews,
Kleio Studios,https://www.booking.com/hotel/gr/kleio-studios.en-gb.html,,Scored 8.8 8.8 Fabulous 159 reviews,
Flos Apartments,https://www.booking.com/hotel/gr/lilium-flos-apartments.en-gb.html,,Scored 9.8 9.8 Exceptional 78 reviews,
Estia,https://www.booking.com/hotel/gr/estia-khania-pole.en-gb.html,,Scored 9.9 9.9 Exceptional 9 reviews,
Niriida,https://www.booking.com/hotel/gr/niriida.en-gb.html,,Scored 9.1 9.1 Superb 161 reviews,
Aspro Apartments,https://www.booking.com/hotel/gr/aspro-apartments.en-gb.html,,Scored 9.7 9.7 Exceptional 49 reviews,
Elia House,https://www.booking.com/hotel/gr/elia-house-chania.en-gb.html,,Scored 9.2 9.2 Superb 45 reviews,
Tersanas Village Apartments,https://www.booking.com/hotel/gr/tersanas-village-apartments.en-gb.html,,Scored 9.0 9.0 Superb 262 reviews,
Maro Suites,https://www.booking.com/hotel/gr/maro-suites.en-gb.html,,Scored 9.6 9.6 Exceptional 155 reviews,
Caneva Luxury Villa,https://www.booking.com/hotel/gr/caneva-luxury-villa.en-gb.html,,Scored 9.7 9.7 Exceptional 20 reviews,
Pnoe Villas - Seafront Experience,https://www.booking.com/hotel/gr/pnoe-sea-front-villa.en-gb.html,,Scored 9.7 9.7 Exceptional 29 reviews,
Natalia's Apartment in Tavronitis,https://www.booking.com/hotel/gr/natalias-apartment-in-tavronitis.en-gb.html,,Scored 9.9 9.9 Exceptional 17 reviews,
Lefko Apartments,https://www.booking.com/hotel/gr/lefko-apartments.en-gb.html,,Scored 9.5 9.5 Exceptional 34 reviews,
Anthos Villas - Chania,https://www.booking.com/hotel/gr/anthos-villas-chania.en-gb.html,,Scored 10 10 Exceptional 35 reviews,
Sense of Dream Villas,https://www.booking.com/hotel/gr/sense-of-dream-villa.en-gb.html,,Scored 9.6 9.6 Exceptional 30 reviews,
Haridimos Apartments,https://www.booking.com/hotel/gr/haridimos-apartments.en-gb.html,,Scored 9.0 9.0 Superb 239 reviews,
Villa Casa Avocado,https://www.booking.com/hotel/gr/casa-avocado.en-gb.html,,Scored 9.9 9.9 Exceptional 36 reviews,
"Fivi Villa, with Heated Pool & SeaViews, By ThinkVilla",https://www.booking.com/hotel/gr/fivi-luxury-villa-close-to-sea.en-gb.html,,Scored 10 10 Exceptional 7 reviews,
Villa Persephone,https://www.booking.com/hotel/gr/persefoni-khania.en-gb.html,,Scored 9.8 9.8 Exceptional 30 reviews,
Villa Nineta,https://www.booking.com/hotel/gr/villa-nineta-tavronitis.en-gb.html,,Scored 9.6 9.6 Exceptional 11 reviews,
"Amalthia Villa, Heated Pool & Walk to the Beach, By ThinkVilla",https://www.booking.com/hotel/gr/melia-amalthia-villa-an-evanescence-retreat.en-gb.html,,Scored 9.8 9.8 Exceptional 11 reviews,
"Artemis Villa, Beachfront Retreat with Heated Pool, By ThinkVilla",https://www.booking.com/hotel/gr/melia-artemis-villa-an-evanescence-sea-retreat.en-gb.html,,Scored 9.5 9.5 Exceptional 4 reviews,
Antilia Apartments,https://www.booking.com/hotel/gr/antilia-apartments.en-gb.html,,Scored 8.2 8.2 Very good 84 reviews,
Yassas Apartment with shared pool,https://www.booking.com/hotel/gr/yassas-apartment-with-shared-pool.en-gb.html,,,
Stone House by the Sea,https://www.booking.com/hotel/gr/stone-house-by-the-sea-tavronitis.en-gb.html,,Scored 9.2 9.2 Superb 9 reviews,
Theros Hotel,https://www.booking.com/hotel/gr/theros.en-gb.html,,Scored 8.5 8.5 Very good 153 reviews,
Villa Karneios - Private Pool near Chania & Beach,https://www.booking.com/hotel/gr/villa-karneios.en-gb.html,,Scored 9.5 9.5 Exceptional 2 reviews,
NeSo - Villa Fyllo with Pool steps from the Beach,https://www.booking.com/hotel/gr/vila-fyllo.en-gb.html,,Scored 9.0 9.0 Superb 1 review,
Villa Rita Apartments A,https://www.booking.com/hotel/gr/villa-rita-apartments.en-gb.html,,Scored 8.6 8.6 Fabulous 120 reviews,
World Villa,https://www.booking.com/hotel/gr/world-villa.en-gb.html,,Scored 9.4 9.4 Superb 9 reviews,
Greek Sky - New modern apartment with shared pool,https://www.booking.com/hotel/gr/greek-sky-luxury-apartment-with-a-shared-pool.en-gb.html,,Scored 9.6 9.6 Exceptional 12 reviews,
Villa Alex,https://www.booking.com/hotel/gr/villa-alex-tauronites.en-gb.html,,Scored 7.3 7.3 Good 3 reviews,
Oasea,https://www.booking.com/hotel/gr/oasea.en-gb.html,,Scored 10 10 Exceptional 14 reviews,
Arch Houses - Nature Escape with Shared Pool,https://www.booking.com/hotel/gr/the-arch-houses.en-gb.html,,Scored 9.5 9.5 Exceptional 23 reviews,
Syia Hotel,https://www.booking.com/hotel/gr/syia.en-gb.html,,Scored 9.6 9.6 Exceptional 101 reviews,
Stratos Wooden Apartment,https://www.booking.com/hotel/gr/stratos-wooden-studio.en-gb.html,,Scored 9.5 9.5 Exceptional 13 reviews,
Tatianas Kanevaro,https://www.booking.com/hotel/gr/tatianas.en-gb.html,,Scored 9.8 9.8 Exceptional 65 reviews,
Mimosa Urban Grande,https://www.booking.com/hotel/gr/mimosa-urban-grande.en-gb.html,,,
ALPHA SUITES,https://www.booking.com/hotel/gr/alpha-suites.en-gb.html,,Scored 9.9 9.9 Exceptional 202 reviews,
Villa Anerocurù by Chania city,https://www.booking.com/hotel/gr/villa-lena-in-chania-town-suburb.en-gb.html,,Scored 9.6 9.6 Exceptional 84 reviews,
J&V Luxury Suites,https://www.booking.com/hotel/gr/jnv.en-gb.html,,Scored 9.9 9.9 Exceptional 56 reviews,
Naeva Luxury Apartments - Blue,https://www.booking.com/hotel/gr/naeva-luxury-apartments-blue.en-gb.html,,,
Semeli Studios,https://www.booking.com/hotel/gr/semeli-chania-town.en-gb.html,,Scored 9.1 9.1 Superb 414 reviews,
Casa Anthos free parking,https://www.booking.com/hotel/gr/casa-anthos.en-gb.html,,Scored 9.3 9.3 Superb 35 reviews,
Lektron Apartment,https://www.booking.com/hotel/gr/fossato-veneziano-apartment.en-gb.html,,Scored 9.8 9.8 Exceptional 33 reviews,
''Meraviglia'' casa ''Nefeli'',https://www.booking.com/hotel/gr/meraviglia-casa-nefeli.en-gb.html,,Scored 9.5 9.5 Exceptional 43 reviews,
Pasiphae New Apartment sea & city,https://www.booking.com/hotel/gr/pasiphae-brand-new-sea-apartment.en-gb.html,,Scored 9.9 9.9 Exceptional 27 reviews,
Sencia Apartments,https://www.booking.com/hotel/gr/sencia-apartments.en-gb.html,,Scored 10 10 Exceptional 1 review,
Callista Seafront Studio,https://www.booking.com/hotel/gr/callista-seafront-loft.en-gb.html,,Scored 9.3 9.3 Superb 23 reviews,
KaRiam Urban Apartment,https://www.booking.com/hotel/gr/kariam-urban-apartment.en-gb.html,,,
Nais Apartments & Studios,https://www.booking.com/hotel/gr/nais-apartments.en-gb.html,,Scored 9.6 9.6 Exceptional 433 reviews,
Tessera Alfa city apartment,https://www.booking.com/hotel/gr/tessera-alfa-city-apartment.en-gb.html,,Scored 10 10 Exceptional 28 reviews,
Nektaria Studio,https://www.booking.com/hotel/gr/nektaria-studio.en-gb.html,,Scored 9.6 9.6 Exceptional 49 reviews,
Nostos Central Apartment,https://www.booking.com/hotel/gr/nostos-central-apartment.en-gb.html,,Scored 9.0 9.0 Superb 31 reviews,
Villa Katerina,https://www.booking.com/hotel/gr/katerina-v.en-gb.html,,Scored 9.4 9.4 Superb 324 reviews,
West City Apartment,https://www.booking.com/hotel/gr/west-city-apartment.en-gb.html,,Scored 9.8 9.8 Exceptional 46 reviews,
Kidonias apartment,https://www.booking.com/hotel/gr/kidonias-apartment.en-gb.html,,Scored 9.2 9.2 Superb 50 reviews,
Patelakis Apartment near the Beach,https://www.booking.com/hotel/gr/patelakis-apartment-near-the-beach.en-gb.html,,Scored 10 10 Exceptional 35 reviews,
Il Porto Blu,https://www.booking.com/hotel/gr/il-porto-blu.en-gb.html,,Scored 9.6 9.6 Exceptional 33 reviews,
Tabak home Sea side apartment,https://www.booking.com/hotel/gr/tampak-home-sea-side-apartment.en-gb.html,,Scored 9.4 9.4 Superb 44 reviews,
Studio 224,https://www.booking.com/hotel/gr/studio-224.en-gb.html,,,
New delux studio with wooden floor,https://www.booking.com/hotel/gr/marys-spacious-home-near-chania.en-gb.html,,Scored 8.6 8.6 Fabulous 8 reviews,
Sea Daffodil apartments,https://www.booking.com/hotel/gr/sea-daffodil.en-gb.html,,Scored 9.9 9.9 Exceptional 253 reviews,
Callista sea view or garden,https://www.booking.com/hotel/gr/callista-apartments.en-gb.html,,Scored 9.6 9.6 Exceptional 482 reviews,
Aphrodite Beach,https://www.booking.com/hotel/gr/aphrodite-beach.en-gb.html,,"Scored 9.3 9.3 Superb 1,425 reviews",
Christina Apartments,https://www.booking.com/hotel/gr/christina-apartments-kissamos.en-gb.html,,Scored 9.0 9.0 Superb 65 reviews,
Mesogios Beach,https://www.booking.com/hotel/gr/mesogeios.en-gb.html,,Scored 8.6 8.6 Fabulous 18 reviews,
Modern Central Apartment - 400m to Beach,https://www.booking.com/hotel/gr/modern-central-apartment-400m-to-beach.en-gb.html,,Scored 10 10 Exceptional 11 reviews,
The Heart of Kissamos Studios,https://www.booking.com/hotel/gr/the-heart-of-kissamos-studios.en-gb.html,,Scored 9.3 9.3 Superb 19 reviews,
Sandy Cozy Apartments,https://www.booking.com/hotel/gr/doras-cosy-apartments.en-gb.html,,Scored 9.5 9.5 Exceptional 65 reviews,
Edgewater Studios,https://www.booking.com/hotel/gr/edgewater-studios.en-gb.html,,Scored 8.3 8.3 Very good 202 reviews,
Anemomili Village,https://www.booking.com/hotel/gr/anemomyloi.en-gb.html,,Scored 8.4 8.4 Very good 480 reviews,
Christina Beach Hotel,https://www.booking.com/hotel/gr/christina-beach.en-gb.html,,"Scored 8.8 8.8 Fabulous 1,240 reviews",
Eleni,https://www.booking.com/hotel/gr/eleni-kissamos.en-gb.html,,Scored 8.3 8.3 Very good 183 reviews,
Kisamos Nice Apartment 3,https://www.booking.com/hotel/gr/kisamos-nice-apartement-3.en-gb.html,,Scored 9.8 9.8 Exceptional 20 reviews,
Captain's Beach Apartments,https://www.booking.com/hotel/gr/captain-beach-apartments.en-gb.html,,Scored 9.4 9.4 Superb 388 reviews,
Falassarnia Apartments,https://www.booking.com/hotel/gr/falassarnia-apartments.en-gb.html,,Scored 10 10 Exceptional 1 review,
Sarana Suites Crete,https://www.booking.com/hotel/gr/sarana-suites-crete.en-gb.html,,Scored 9.2 9.2 Superb 128 reviews,
Central House with Quiet Garden,https://www.booking.com/hotel/gr/kentriko-spiti-me-esukho-kepo.en-gb.html,,Scored 8.9 8.9 Fabulous 49 reviews,
Anastellar,https://www.booking.com/hotel/gr/anastellar.en-gb.html,,Scored 9.4 9.4 Superb 81 reviews,
Gardenia Apartment,https://www.booking.com/hotel/gr/gardenia-apartment.en-gb.html,,Scored 9.4 9.4 Superb 59 reviews,
Alexia Seaview Apartments,https://www.booking.com/hotel/gr/azure-seaview-suites.en-gb.html,,Scored 9.6 9.6 Exceptional 301 reviews,
"Lysithea Apartments - brand new, stylish & central",https://www.booking.com/hotel/gr/lysithea-apartments-brand-new-stylish-amp-central.en-gb.html,,Scored 9.6 9.6 Exceptional 68 reviews,
Agarathos Rooms & Pool Kaliviani -On the road to Balos,https://www.booking.com/hotel/gr/agarathos.en-gb.html,,Scored 9.1 9.1 Superb 508 reviews,
Kambos Horizon & Paradise Villas,https://www.booking.com/hotel/gr/kambos-horizon-paradise-villas.en-gb.html,,Scored 9.4 9.4 Superb 38 reviews,
Gramvousa Villas,https://www.booking.com/hotel/gr/gramvousa-villas.en-gb.html,,Scored 9.5 9.5 Exceptional 31 reviews,
Blue Beach House,https://www.booking.com/hotel/gr/blue-house-khania.en-gb.html,,Scored 10 10 Exceptional 34 reviews,
Almiris Seaside Apartments,https://www.booking.com/hotel/gr/alkyone-sea-side-apartments.en-gb.html,,Scored 9.6 9.6 Exceptional 146 reviews,
Thalami Apartment,https://www.booking.com/hotel/gr/thalami-apartment.en-gb.html,,Scored 9.4 9.4 Superb 51 reviews,
Gianna Apartments,https://www.booking.com/hotel/gr/gianna-apartments.en-gb.html,,Scored 9.2 9.2 Superb 243 reviews,
Casa de Campo 2,https://www.booking.com/hotel/gr/casa-de-campo-2.en-gb.html,,Scored 9.2 9.2 Superb 16 reviews,
Almyrida Sands,https://www.booking.com/hotel/gr/almyrida-sands.en-gb.html,,Scored 9.7 9.7 Exceptional 241 reviews,
Pasithea apts,https://www.booking.com/hotel/gr/pasithea.en-gb.html,,Scored 9.2 9.2 Superb 58 reviews,
Elena Seafront Luxury Apartments,https://www.booking.com/hotel/gr/elena-apartments-almyrida.en-gb.html,,Scored 9.6 9.6 Exceptional 216 reviews,
Isadora,https://www.booking.com/hotel/gr/isadora.en-gb.html,,Scored 9.1 9.1 Superb 103 reviews,
Marianna Apartments,https://www.booking.com/hotel/gr/marianna-apartments-chania.en-gb.html,,Scored 8.7 8.7 Fabulous 54 reviews,
Manos Apartments,https://www.booking.com/hotel/gr/manos-apartments-almirida.en-gb.html,,Scored 9.3 9.3 Superb 181 reviews,
Villa Dina Apartments,https://www.booking.com/hotel/gr/dina-apartments.en-gb.html,,Scored 9.6 9.6 Exceptional 81 reviews,
Niriides Hotel Apts Studios,https://www.booking.com/hotel/gr/nereides.en-gb.html,,Scored 9.5 9.5 Exceptional 109 reviews,
Avrilia Seaside Villa Heated Pool,https://www.booking.com/hotel/gr/avrilia-villa.en-gb.html,,Scored 9.6 9.6 Exceptional 22 reviews,
Kastro Kera,https://www.booking.com/hotel/gr/kastro-kera.en-gb.html,,Scored 9.4 9.4 Superb 42 reviews,
Domina Villas,https://www.booking.com/hotel/gr/domina-villas.en-gb.html,,Scored 9.6 9.6 Exceptional 31 reviews,
"Stella Apartment in Almyrida slechts 350m vanaf het strand, auto huren niet nodig",https://www.booking.com/hotel/gr/stella-apartment-almyrida.en-gb.html,,Scored 9.5 9.5 Exceptional 4 reviews,
Artemis Apartments,https://www.booking.com/hotel/gr/artemis-apartments-almyrida.en-gb.html,,Scored 9.4 9.4 Superb 71 reviews,
Cost Mari Almyrida New by ZAGO Boutiqe hotels,https://www.booking.com/hotel/gr/costmari.en-gb.html,,Scored 9.2 9.2 Superb 165 reviews,
Klavier Sea View Apartment in Almyrida Centre,https://www.booking.com/hotel/gr/klavier-sea-view-apartment-in-almyrida-centre.en-gb.html,,,
Villas Almyrida,https://www.booking.com/hotel/gr/villas-almyrida.en-gb.html,,Scored 9.4 9.4 Superb 44 reviews,
Irida Apartments -EX BLAZIS HOUSE,https://www.booking.com/hotel/gr/blazis-house.en-gb.html,,Scored 9.0 9.0 Superb 72 reviews,
"Crete Beachfront Sunkiss, Panoramic Views & Pool",https://www.booking.com/hotel/gr/apartment-sunkiss.en-gb.html,,Scored 9.8 9.8 Exceptional 9 reviews,
Villa YOLO,https://www.booking.com/hotel/gr/villa-yolo-aspro-crete.en-gb.html,,Scored 9.7 9.7 Exceptional 30 reviews,
Panos Apartment,https://www.booking.com/hotel/gr/panos-apartment-almirida.en-gb.html,,Scored 9.8 9.8 Exceptional 31 reviews,
Spitaki Almyrida,https://www.booking.com/hotel/gr/spitaki-almyrida.en-gb.html,,Scored 10 10 Exceptional 2 reviews,
Cloudberry,https://www.booking.com/hotel/gr/karoline-apartments.en-gb.html,,Scored 9.5 9.5 Exceptional 202 reviews,
Nikos Studio,https://www.booking.com/hotel/gr/nikos-studio.en-gb.html,,Scored 9.6 9.6 Exceptional 65 reviews,
Villa Georgia,https://www.booking.com/hotel/gr/villa-georgia-kalyves.en-gb.html,,Scored 9.2 9.2 Superb 225 reviews,
Kalyves Bay,https://www.booking.com/hotel/gr/kalyves-bay.en-gb.html,,Scored 9.2 9.2 Superb 248 reviews,
"Mithra Cliffhanger Sea View Apt, Infinity Pool",https://www.booking.com/hotel/gr/mithra-sea-view-apartment-kalyves.en-gb.html,,,
Porto Kalyves Seaside Aparthotel,https://www.booking.com/hotel/gr/porto-kalyves.en-gb.html,,Scored 9.1 9.1 Superb 417 reviews,
Kera Studios,https://www.booking.com/hotel/gr/kera-studios-kalubes.en-gb.html,,Scored 9.5 9.5 Exceptional 89 reviews,
Akti Galinis - Beachfront Hotel,https://www.booking.com/hotel/gr/akti-galinis.en-gb.html,,Scored 8.2 8.2 Very good 302 reviews,
Sunrise Suites & Apartments,https://www.booking.com/hotel/gr/sunrise-suites.en-gb.html,,Scored 8.6 8.6 Fabulous 426 reviews,
Kiani Apts,https://www.booking.com/hotel/gr/kiani-apts-kalubes-apokoronou.en-gb.html,,Scored 9.8 9.8 Exceptional 66 reviews,
Asterina Seaside Apartments,https://www.booking.com/hotel/gr/asterina-seaside-apartments.en-gb.html,,Scored 9.4 9.4 Superb 181 reviews,
Elysian Garden,https://www.booking.com/hotel/gr/elysian-garden.en-gb.html,,Scored 9.4 9.4 Superb 15 reviews,
Aphrodite Apartments,https://www.booking.com/hotel/gr/aphrodite-apartments-kalyves1.en-gb.html,,Scored 9.4 9.4 Superb 98 reviews,
Avra Apartments,https://www.booking.com/hotel/gr/avra-apartments-kalyves.en-gb.html,,Scored 9.6 9.6 Exceptional 68 reviews,
Dimitra's Sea-Crafts Boutique Studios,https://www.booking.com/hotel/gr/dimitra-studios-kalyves.en-gb.html,,Scored 9.4 9.4 Superb 109 reviews,
Kalives Apartments,https://www.booking.com/hotel/gr/kalives-apartments.en-gb.html,,Scored 9.5 9.5 Exceptional 95 reviews,
Callisto House in Kalyves,https://www.booking.com/hotel/gr/callisto-house-in-kalyves-chania.en-gb.html,,Scored 9.8 9.8 Exceptional 18 reviews,
Tersus Luxury Villa,https://www.booking.com/hotel/gr/tersus-luxury-villa.en-gb.html,,Scored 10 10 Exceptional 14 reviews,
Vintage project house,https://www.booking.com/hotel/gr/vintage-house-near-the-sea.en-gb.html,,Scored 9.1 9.1 Superb 21 reviews,
Asterias Studios & Apartments,https://www.booking.com/hotel/gr/asterias-studios-amp-apartments.en-gb.html,,Scored 9.6 9.6 Exceptional 75 reviews,
Apokoros Craft Deco Apartments & Studios,https://www.booking.com/hotel/gr/apokoros-family.en-gb.html,,Scored 8.8 8.8 Fabulous 67 reviews,
AmphiMatrion Luxury Residence,https://www.booking.com/hotel/gr/amphimatrion-luxury-apartments.en-gb.html,,Scored 9.4 9.4 Superb 40 reviews,
Sofia Kalyves,https://www.booking.com/hotel/gr/sofia-almirada.en-gb.html,,Scored 9.1 9.1 Superb 107 reviews,
Casa Manou - Kalyves beach,https://www.booking.com/hotel/gr/casa-manou-house-in-kalyves.en-gb.html,,Scored 9.5 9.5 Exceptional 7 reviews,
Terra Blue Suites - Nefeli,https://www.booking.com/hotel/gr/nefeli-kalives.en-gb.html,,Scored 9.5 9.5 Exceptional 7 reviews,
Esperides Beach Hotel Apartments,https://www.booking.com/hotel/gr/esperides-apartments-stalos.en-gb.html,,Scored 9.2 9.2 Superb 565 reviews,
IRINI STALOS Apartments,https://www.booking.com/hotel/gr/irini-apartments-stala3s.en-gb.html,,Scored 9.6 9.6 Exceptional 391 reviews,
Evilion hotel,https://www.booking.com/hotel/gr/evilion-stalos.en-gb.html,,Scored 9.1 9.1 Superb 469 reviews,
Anniko,https://www.booking.com/hotel/gr/anniko.en-gb.html,,Scored 9.0 9.0 Superb 225 reviews,
CHRISTINE SEASIDE APARTMENTS IN CHANIA,https://www.booking.com/hotel/gr/christine-seaside-apartments-in-chania.en-gb.html,,Scored 9.4 9.4 Superb 75 reviews,
The Mini Beach Hotel,https://www.booking.com/hotel/gr/marakas.en-gb.html,,Scored 9.6 9.6 Exceptional 171 reviews,
Kato Stalos Beach,https://www.booking.com/hotel/gr/kato-stalos-beach.en-gb.html,,Scored 9.0 9.0 Superb 366 reviews,
Cozy Corner VS Beachfront,https://www.booking.com/hotel/gr/cozy-corner-beachfront.en-gb.html,,Scored 9.1 9.1 Superb 280 reviews,
Kristall Suites,https://www.booking.com/hotel/gr/kristall-suites-stalos-chania.en-gb.html,,Scored 9.8 9.8 Exceptional 117 reviews,
Eliros Studios,https://www.booking.com/hotel/gr/eliros-studios.en-gb.html,,Scored 9.4 9.4 Superb 187 reviews,
"Thelèsi Apartments, 100m from the beach",https://www.booking.com/hotel/gr/thelesi-apartments.en-gb.html,,Scored 9.6 9.6 Exceptional 228 reviews,
Artemis Apartments,https://www.booking.com/hotel/gr/artemis-apartments-chania.en-gb.html,,Scored 9.1 9.1 Superb 508 reviews,
Giannarakis Beach,https://www.booking.com/hotel/gr/giannarakis-beach-stalos.en-gb.html,,Scored 9.0 9.0 Superb 284 reviews,
Ilios Village,https://www.booking.com/hotel/gr/ilios-village.en-gb.html,,Scored 9.6 9.6 Exceptional 166 reviews,
Aristos Apartments & Suites,https://www.booking.com/hotel/gr/aristos-luxury-suites-and-studios.en-gb.html,,Scored 9.5 9.5 Exceptional 81 reviews,
Pentari,https://www.booking.com/hotel/gr/pentari-rooms-stalos-chania.en-gb.html,,Scored 8.6 8.6 Fabulous 245 reviews,
Gregory Village Sea View,https://www.booking.com/hotel/gr/gregory-village-sea-view.en-gb.html,,Scored 7.9 7.9 Good 531 reviews,
Romantic Corner Maisonette houses,https://www.booking.com/hotel/gr/romantic-corner-apartments.en-gb.html,,Scored 9.5 9.5 Exceptional 103 reviews,
Gianthea Studios and Apt,https://www.booking.com/hotel/gr/gianthea-studios-amp-apt.en-gb.html,,Scored 9.4 9.4 Superb 100 reviews,
Kato Stalos Mare,https://www.booking.com/hotel/gr/kato-stalos-mare.en-gb.html,,Scored 8.1 8.1 Very good 105 reviews,
Villa Stafidaki,https://www.booking.com/hotel/gr/villa-rhododendri.en-gb.html,,Scored 9.4 9.4 Superb 25 reviews,
Egli,https://www.booking.com/hotel/gr/egli-studios.en-gb.html,,Scored 8.1 8.1 Very good 200 reviews,
Casa Leone Suites,https://www.booking.com/hotel/gr/casa-leone-suites.en-gb.html,,Scored 9.4 9.4 Superb 62 reviews,
Nautilus house,https://www.booking.com/hotel/gr/nautilus-house.en-gb.html,,Scored 10 10 Exceptional 11 reviews,
Creta Palm Resort Hotel & Apartments,https://www.booking.com/hotel/gr/creta-palm.en-gb.html,,Scored 8.2 8.2 Very good 311 reviews,
Livadia Studios,https://www.booking.com/hotel/gr/livadia-studios.en-gb.html,,Scored 8.8 8.8 Fabulous 98 reviews,
Selini Villas with private pool 10 minutes walking from the beach,https://www.booking.com/hotel/gr/selini-villas-with-private-pool-10-minutes-walking-from-the-beach-khania.en-gb.html,,Scored 9.3 9.3 Superb 4 reviews,
"Yucca Studio, beautiful apartment with garden",https://www.booking.com/hotel/gr/yucca-studio-beautiful-apartment-with-garden.en-gb.html,,Scored 9.8 9.8 Exceptional 8 reviews,
Eleni Residence by the sea,https://www.booking.com/hotel/gr/villa-eleni-renovated-100m-from-the-sea.en-gb.html,,Scored 9.6 9.6 Exceptional 13 reviews,
Micro_Ble vacation home,https://www.booking.com/hotel/gr/micro-ble-vacation-home.en-gb.html,,Scored 10 10 Exceptional 9 reviews,
My Grandparents' Home,https://www.booking.com/hotel/gr/my-grandparents-home.en-gb.html,,Scored 9.6 9.6 Exceptional 12 reviews,
Villa Anthira,https://www.booking.com/hotel/gr/villa-anthira.en-gb.html,,Scored 9.8 9.8 Exceptional 6 reviews,
"Stone Built Private villa Emerald with pool, 30m to Beach & BBQ!",https://www.booking.com/hotel/gr/emerald-kamisiana.en-gb.html,,Scored 10 10 Exceptional 1 review,
Searenity Home,https://www.booking.com/hotel/gr/searenity-house.en-gb.html,,Scored 9.2 9.2 Superb 12 reviews,
Creta Galini House,https://www.booking.com/hotel/gr/creta-galini-house.en-gb.html,,Scored 9.6 9.6 Exceptional 31 reviews,
Villa Albama,https://www.booking.com/hotel/gr/villa-albama.en-gb.html,,Scored 8.8 8.8 Fabulous 14 reviews,
Theo Villas With Sea View,https://www.booking.com/hotel/gr/theo-villas.en-gb.html,,Scored 9.7 9.7 Exceptional 68 reviews,
King Crimson Luxury Apartments,https://www.booking.com/hotel/gr/king-crimson-luxury-apartments.en-gb.html,,Scored 9.0 9.0 Superb 37 reviews,
